track_fid,track_seg_id,track_seg_point_id,ele,time,magvar,geoidheight,name,cmt,desc,src,link1_href,link1_text,link1_type,link2_href,link2_text,link2_type,sym,type,fix,sat,hdop,vdop,pdop,ageofdgpsdata,dgpsid,dtm_1
0,0,0,29.6774,2026/07/24 07:24:12+00,,,,,,,,,,,,,,,,,,,,,,9.05000019073486
0,0,1,29.6774,2026/07/24 07:24:13+00,,,,,,,,,,,,,,,,,,,,,,9.05000019073486
0,0,2,29.6759,2026/07/24 07:24:14+00,,,,,,,,,,,,,,,,,,,,,,9.05000019073486
0,0,3,29.6636,2026/07/24 07:24:15+00,,,,,,,,,,,,,,,,,,,,,,9.04300022125244
0,0,4,29.6299,2026/07/24 07:24:16+00,,,,,,,,,,,,,,,,,,,,,,9.05200004577637
0,0,5,29.5433,2026/07/24 07:24:17+00,,,,,,,,,,,,,,,,,,,,,,9.04600048065186
0,0,6,29.3501,2026/07/24 07:24:18+00,,,,,,,,,,,,,,,,,,,,,,9.03999996185303
0,0,7,29.0016,2026/07/24 07:24:19+00,,,,,,,,,,,,,,,,,,,,,,8.97100067138672
0,0,8,28.489,2026/07/24 07:24:20+00,,,,,,,,,,,,,,,,,,,,,,8.81300067901611
0,0,9,27.8441,2026/07/24 07:24:21+00,,,,,,,,,,,,,,,,,,,,,,8.55200004577637
0,0,10,27.1992,2026/07/24 07:24:22+00,,,,,,,,,,,,,,,,,,,,,,8.2160005569458
0,0,11,26.6161,2026/07/24 07:24:23+00,,,,,,,,,,,,,,,,,,,,,,7.94900035858154
0,0,12,26.2002,2026/07/24 07:24:24+00,,,,,,,,,,,,,,,,,,,,,,7.81500053405762
0,0,13,25.8855,2026/07/24 07:24:25+00,,,,,,,,,,,,,,,,,,,,,,7.78500032424927
0,0,14,25.6102,2026/07/24 07:24:26+00,,,,,,,,,,,,,,,,,,,,,,7.83500051498413
0,0,15,25.3497,2026/07/24 07:24:27+00,,,,,,,,,,,,,,,,,,,,,,7.90700054168701
0,0,16,25.1023,2026/07/24 07:24:28+00,,,,,,,,,,,,,,,,,,,,,,8.08300018310547
0,0,17,24.9984,2026/07/24 07:24:29+00,,,,,,,,,,,,,,,,,,,,,,8.55100059509277
0,0,18,24.9782,2026/07/24 07:24:30+00,,,,,,,,,,,,,,,,,,,,,,9.31100082397461
0,0,19,25.1978,2026/07/24 07:24:31+00,,,,,,,,,,,,,,,,,,,,,,10.0990009307861
0,0,20,25.5491,2026/07/24 07:24:32+00,,,,,,,,,,,,,,,,,,,,,,10.8540000915527
0,0,21,25.9733,2026/07/24 07:24:33+00,,,,,,,,,,,,,,,,,,,,,,11.7270002365112
0,0,22,26.6262,2026/07/24 07:24:34+00,,,,,,,,,,,,,,,,,,,,,,12.6000003814697
0,0,23,27.8419,2026/07/24 07:24:35+00,,,,,,,,,,,,,,,,,,,,,,13.407000541687
0,0,24,29.0239,2026/07/24 07:24:36+00,,,,,,,,,,,,,,,,,,,,,,14.1850004196167
0,0,25,30.3645,2026/07/24 07:24:37+00,,,,,,,,,,,,,,,,,,,,,,14.7220010757446
0,0,26,31.5214,2026/07/24 07:24:38+00,,,,,,,,,,,,,,,,,,,,,,15.0180006027222
0,0,27,32.2303,2026/07/24 07:24:39+00,,,,,,,,,,,,,,,,,,,,,,15.2640008926392
0,0,28,32.6228,2026/07/24 07:24:40+00,,,,,,,,,,,,,,,,,,,,,,15.3080005645752
0,0,29,32.6749,2026/07/24 07:24:41+00,,,,,,,,,,,,,,,,,,,,,,15.1660003662109
0,0,30,32.6406,2026/07/24 07:24:42+00,,,,,,,,,,,,,,,,,,,,,,14.91100025177
0,0,31,32.4204,2026/07/24 07:24:43+00,,,,,,,,,,,,,,,,,,,,,,14.6390008926392
0,0,32,32.0872,2026/07/24 07:24:44+00,,,,,,,,,,,,,,,,,,,,,,14.4090003967285
0,0,33,31.6562,2026/07/24 07:24:45+00,,,,,,,,,,,,,,,,,,,,,,13.9720010757446
0,0,34,31.3122,2026/07/24 07:24:46+00,,,,,,,,,,,,,,,,,,,,,,13.6420001983643
0,0,35,31.0491,2026/07/24 07:24:47+00,,,,,,,,,,,,,,,,,,,,,,13.3800010681152
0,0,36,30.6893,2026/07/24 07:24:48+00,,,,,,,,,,,,,,,,,,,,,,13.246000289917
0,0,37,30.369,2026/07/24 07:24:49+00,,,,,,,,,,,,,,,,,,,,,,13.2540006637573
0,0,38,29.8314,2026/07/24 07:24:51+00,,,,,,,,,,,,,,,,,,,,,,13.2450008392334
0,0,39,29.1585,2026/07/24 07:25:05+00,,,,,,,,,,,,,,,,,,,,,,13.2650003433228
0,0,40,28.6316,2026/07/24 07:25:06+00,,,,,,,,,,,,,,,,,,,,,,13.242000579834
0,0,41,28.2026,2026/07/24 07:25:07+00,,,,,,,,,,,,,,,,,,,,,,13.2330007553101
0,0,42,27.8544,2026/07/24 07:25:08+00,,,,,,,,,,,,,,,,,,,,,,13.2270002365112
0,0,43,27.5117,2026/07/24 07:25:09+00,,,,,,,,,,,,,,,,,,,,,,13.2490005493164
0,0,44,27.2005,2026/07/24 07:25:10+00,,,,,,,,,,,,,,,,,,,,,,13.2630004882812
0,0,45,27.1382,2026/07/24 07:25:11+00,,,,,,,,,,,,,,,,,,,,,,13.2500009536743
0,0,46,27.2182,2026/07/24 07:25:12+00,,,,,,,,,,,,,,,,,,,,,,13.2850008010864
0,0,47,27.3707,2026/07/24 07:25:13+00,,,,,,,,,,,,,,,,,,,,,,13.3240003585815
0,0,48,27.6196,2026/07/24 07:25:14+00,,,,,,,,,,,,,,,,,,,,,,13.3840007781982
0,0,49,27.8521,2026/07/24 07:25:15+00,,,,,,,,,,,,,,,,,,,,,,13.4420003890991
0,0,50,28.0761,2026/07/24 07:25:16+00,,,,,,,,,,,,,,,,,,,,,,13.4660005569458
0,0,51,28.2829,2026/07/24 07:25:17+00,,,,,,,,,,,,,,,,,,,,,,13.4930009841919
0,0,52,28.5163,2026/07/24 07:25:18+00,,,,,,,,,,,,,,,,,,,,,,13.5130004882812
0,0,53,28.6936,2026/07/24 07:25:19+00,,,,,,,,,,,,,,,,,,,,,,13.5050010681152
0,0,54,28.8944,2026/07/24 07:25:20+00,,,,,,,,,,,,,,,,,,,,,,13.4600009918213
0,0,55,29.0544,2026/07/24 07:25:21+00,,,,,,,,,,,,,,,,,,,,,,13.3500003814697
0,0,56,29.0959,2026/07/24 07:25:22+00,,,,,,,,,,,,,,,,,,,,,,13.3160009384155
0,0,57,29.0832,2026/07/24 07:25:23+00,,,,,,,,,,,,,,,,,,,,,,13.19700050354
0,0,58,29.0269,2026/07/24 07:25:24+00,,,,,,,,,,,,,,,,,,,,,,13.1580009460449
0,0,59,28.884,2026/07/24 07:25:25+00,,,,,,,,,,,,,,,,,,,,,,13.0790004730225
0,0,60,28.7652,2026/07/24 07:25:26+00,,,,,,,,,,,,,,,,,,,,,,12.9790010452271
0,0,61,28.6378,2026/07/24 07:25:27+00,,,,,,,,,,,,,,,,,,,,,,12.8510007858276
0,0,62,28.5061,2026/07/24 07:25:28+00,,,,,,,,,,,,,,,,,,,,,,12.7290010452271
0,0,63,28.385,2026/07/24 07:25:29+00,,,,,,,,,,,,,,,,,,,,,,12.5900001525879
0,0,64,28.2361,2026/07/24 07:25:30+00,,,,,,,,,,,,,,,,,,,,,,12.3830003738403
0,0,65,28.0236,2026/07/24 07:25:31+00,,,,,,,,,,,,,,,,,,,,,,12.2290010452271
0,0,66,27.802,2026/07/24 07:25:32+00,,,,,,,,,,,,,,,,,,,,,,11.988000869751
0,0,67,27.5389,2026/07/24 07:25:33+00,,,,,,,,,,,,,,,,,,,,,,11.701000213623
0,0,68,27.2572,2026/07/24 07:25:34+00,,,,,,,,,,,,,,,,,,,,,,11.4970006942749
0,0,69,26.9009,2026/07/24 07:25:35+00,,,,,,,,,,,,,,,,,,,,,,11.2680006027222
0,0,70,26.5247,2026/07/24 07:25:36+00,,,,,,,,,,,,,,,,,,,,,,11.0350008010864
0,0,71,26.1993,2026/07/24 07:25:37+00,,,,,,,,,,,,,,,,,,,,,,10.8280000686646
0,0,72,25.8832,2026/07/24 07:25:38+00,,,,,,,,,,,,,,,,,,,,,,10.6700000762939
0,0,73,25.3668,2026/07/24 07:25:46+00,,,,,,,,,,,,,,,,,,,,,,10.5590009689331
0,0,74,24.9227,2026/07/24 07:25:47+00,,,,,,,,,,,,,,,,,,,,,,10.4500007629395
0,0,75,24.5219,2026/07/24 07:25:48+00,,,,,,,,,,,,,,,,,,,,,,10.3560009002686
0,0,76,24.1778,2026/07/24 07:25:49+00,,,,,,,,,,,,,,,,,,,,,,10.2840003967285
0,0,77,23.8199,2026/07/24 07:25:50+00,,,,,,,,,,,,,,,,,,,,,,10.2140007019043
0,0,78,23.5284,2026/07/24 07:25:51+00,,,,,,,,,,,,,,,,,,,,,,10.1500005722046
0,0,79,23.2769,2026/07/24 07:25:52+00,,,,,,,,,,,,,,,,,,,,,,10.0510005950928
0,0,80,23.0445,2026/07/24 07:25:53+00,,,,,,,,,,,,,,,,,,,,,,9.95200061798096
0,0,81,22.77,2026/07/24 07:25:54+00,,,,,,,,,,,,,,,,,,,,,,9.82900047302246
0,0,82,22.5281,2026/07/24 07:25:55+00,,,,,,,,,,,,,,,,,,,,,,9.70100021362305
0,0,83,22.2611,2026/07/24 07:25:56+00,,,,,,,,,,,,,,,,,,,,,,9.56900024414062
0,0,84,22.0612,2026/07/24 07:25:57+00,,,,,,,,,,,,,,,,,,,,,,9.38800048828125
0,0,85,21.8553,2026/07/24 07:25:58+00,,,,,,,,,,,,,,,,,,,,,,9.20500087738037
0,0,86,21.6638,2026/07/24 07:25:59+00,,,,,,,,,,,,,,,,,,,,,,9.02300071716309
0,0,87,21.4763,2026/07/24 07:26:00+00,,,,,,,,,,,,,,,,,,,,,,8.83600044250488
0,0,88,21.2947,2026/07/24 07:26:01+00,,,,,,,,,,,,,,,,,,,,,,8.61800003051758
0,0,89,21.148,2026/07/24 07:26:02+00,,,,,,,,,,,,,,,,,,,,,,8.32700061798096
0,0,90,21.0444,2026/07/24 07:26:03+00,,,,,,,,,,,,,,,,,,,,,,8.04800033569336
0,0,91,20.932,2026/07/24 07:26:04+00,,,,,,,,,,,,,,,,,,,,,,7.8430004119873
0,0,92,20.8866,2026/07/24 07:26:05+00,,,,,,,,,,,,,,,,,,,,,,7.65200042724609
0,0,93,20.8093,2026/07/24 07:26:06+00,,,,,,,,,,,,,,,,,,,,,,7.36600017547607
0,0,94,20.5931,2026/07/24 07:26:07+00,,,,,,,,,,,,,,,,,,,,,,6.97500038146973
0,0,95,20.3505,2026/07/24 07:26:08+00,,,,,,,,,,,,,,,,,,,,,,6.70800018310547
0,0,96,20.1422,2026/07/24 07:26:09+00,,,,,,,,,,,,,,,,,,,,,,6.60700035095215
0,0,97,20.0114,2026/07/24 07:26:10+00,,,,,,,,,,,,,,,,,,,,,,6.514000415802
0,0,98,19.7994,2026/07/24 07:26:11+00,,,,,,,,,,,,,,,,,,,,,,6.37800025939941
0,0,99,19.3849,2026/07/24 07:26:12+00,,,,,,,,,,,,,,,,,,,,,,6.08100032806396
0,0,100,19.1697,2026/07/24 07:26:13+00,,,,,,,,,,,,,,,,,,,,,,5.9060001373291
0,0,101,19.0053,2026/07/24 07:26:14+00,,,,,,,,,,,,,,,,,,,,,,5.83200025558472
0,0,102,18.9212,2026/07/24 07:26:15+00,,,,,,,,,,,,,,,,,,,,,,5.81800031661987
0,0,103,18.8122,2026/07/24 07:26:16+00,,,,,,,,,,,,,,,,,,,,,,5.94200038909912
0,0,104,18.8394,2026/07/24 07:26:17+00,,,,,,,,,,,,,,,,,,,,,,6.3730001449585
0,0,105,18.9005,2026/07/24 07:26:18+00,,,,,,,,,,,,,,,,,,,,,,6.51900053024292
0,0,106,19.0102,2026/07/24 07:26:19+00,,,,,,,,,,,,,,,,,,,,,,6.42500019073486
0,0,107,19.1056,2026/07/24 07:26:20+00,,,,,,,,,,,,,,,,,,,,,,6.14800024032593
0,0,108,19.2142,2026/07/24 07:26:21+00,,,,,,,,,,,,,,,,,,,,,,6.4520001411438
0,0,109,19.2416,2026/07/24 07:26:22+00,,,,,,,,,,,,,,,,,,,,,,6.44700050354004
0,0,110,19.2439,2026/07/24 07:26:23+00,,,,,,,,,,,,,,,,,,,,,,5.75900030136108
0,0,111,19.2527,2026/07/24 07:26:24+00,,,,,,,,,,,,,,,,,,,,,,5.8120002746582
0,0,112,19.4012,2026/07/24 07:26:25+00,,,,,,,,,,,,,,,,,,,,,,5.82800006866455
0,0,113,19.5361,2026/07/24 07:26:26+00,,,,,,,,,,,,,,,,,,,,,,5.81800031661987
0,0,114,19.7733,2026/07/24 07:26:27+00,,,,,,,,,,,,,,,,,,,,,,5.73000049591064
0,0,115,19.9003,2026/07/24 07:26:28+00,,,,,,,,,,,,,,,,,,,,,,5.82800006866455
0,0,116,20.0509,2026/07/24 07:26:29+00,,,,,,,,,,,,,,,,,,,,,,5.85900020599365
0,0,117,20.0281,2026/07/24 07:26:30+00,,,,,,,,,,,,,,,,,,,,,,4.96900033950806
0,0,118,20.0254,2026/07/24 07:26:31+00,,,,,,,,,,,,,,,,,,,,,,4.81400012969971
0,0,119,19.9721,2026/07/24 07:26:32+00,,,,,,,,,,,,,,,,,,,,,,5.14000034332275
0,0,120,19.9295,2026/07/24 07:26:33+00,,,,,,,,,,,,,,,,,,,,,,4.89800024032593
0,0,121,19.8789,2026/07/24 07:26:34+00,,,,,,,,,,,,,,,,,,,,,,5.32300043106079
0,0,122,19.8603,2026/07/24 07:26:35+00,,,,,,,,,,,,,,,,,,,,,,5.49200010299683
0,0,123,19.867,2026/07/24 07:26:36+00,,,,,,,,,,,,,,,,,,,,,,5.95700025558472
0,0,124,19.9389,2026/07/24 07:26:37+00,,,,,,,,,,,,,,,,,,,,,,5.59100008010864
0,0,125,20.0423,2026/07/24 07:26:38+00,,,,,,,,,,,,,,,,,,,,,,5.56500005722046
0,0,126,20.202,2026/07/24 07:26:39+00,,,,,,,,,,,,,,,,,,,,,,5.58700037002563
0,0,127,20.3874,2026/07/24 07:26:40+00,,,,,,,,,,,,,,,,,,,,,,5.64500045776367
0,0,128,20.6393,2026/07/24 07:26:41+00,,,,,,,,,,,,,,,,,,,,,,5.57200002670288
0,0,129,20.8703,2026/07/24 07:26:42+00,,,,,,,,,,,,,,,,,,,,,,5.58500003814697
0,0,130,21.0958,2026/07/24 07:26:43+00,,,,,,,,,,,,,,,,,,,,,,5.61500024795532
0,0,131,21.3057,2026/07/24 07:26:44+00,,,,,,,,,,,,,,,,,,,,,,5.67500019073486
0,0,132,21.5535,2026/07/24 07:26:45+00,,,,,,,,,,,,,,,,,,,,,,5.88400030136108
0,0,133,21.8195,2026/07/24 07:26:46+00,,,,,,,,,,,,,,,,,,,,,,6.25700044631958
0,0,134,22.0688,2026/07/24 07:26:47+00,,,,,,,,,,,,,,,,,,,,,,6.64800024032593
0,0,135,22.4979,2026/07/24 07:26:48+00,,,,,,,,,,,,,,,,,,,,,,7.2480001449585
0,0,136,23.1403,2026/07/24 07:26:49+00,,,,,,,,,,,,,,,,,,,,,,7.80100059509277
0,0,137,23.5945,2026/07/24 07:26:50+00,,,,,,,,,,,,,,,,,,,,,,8.39300060272217
0,0,138,24.1166,2026/07/24 07:26:51+00,,,,,,,,,,,,,,,,,,,,,,8.9950008392334
0,0,139,24.5987,2026/07/24 07:26:52+00,,,,,,,,,,,,,,,,,,,,,,9.45200061798096
0,0,140,24.9032,2026/07/24 07:26:53+00,,,,,,,,,,,,,,,,,,,,,,9.79700088500977
0,0,141,25.1083,2026/07/24 07:26:54+00,,,,,,,,,,,,,,,,,,,,,,9.95400047302246
0,0,142,25.2418,2026/07/24 07:26:55+00,,,,,,,,,,,,,,,,,,,,,,10.0350008010864
0,0,143,25.463,2026/07/24 07:26:56+00,,,,,,,,,,,,,,,,,,,,,,10.0980005264282
0,0,144,25.5481,2026/07/24 07:26:57+00,,,,,,,,,,,,,,,,,,,,,,10.1490001678467
0,0,145,25.6138,2026/07/24 07:26:58+00,,,,,,,,,,,,,,,,,,,,,,10.1640005111694
0,0,146,25.678,2026/07/24 07:26:59+00,,,,,,,,,,,,,,,,,,,,,,10.157000541687
0,0,147,25.855,2026/07/24 07:27:00+00,,,,,,,,,,,,,,,,,,,,,,10.0950002670288
0,0,148,25.991,2026/07/24 07:27:01+00,,,,,,,,,,,,,,,,,,,,,,10.0660009384155
0,0,149,26.2613,2026/07/24 07:27:02+00,,,,,,,,,,,,,,,,,,,,,,9.95200061798096
0,0,150,26.4929,2026/07/24 07:27:03+00,,,,,,,,,,,,,,,,,,,,,,9.89200019836426
0,0,151,26.6098,2026/07/24 07:27:04+00,,,,,,,,,,,,,,,,,,,,,,9.78800010681152
0,0,152,26.6389,2026/07/24 07:27:05+00,,,,,,,,,,,,,,,,,,,,,,9.71000003814697
0,0,153,26.6225,2026/07/24 07:27:06+00,,,,,,,,,,,,,,,,,,,,,,9.6870002746582
0,0,154,26.5915,2026/07/24 07:27:07+00,,,,,,,,,,,,,,,,,,,,,,9.69300079345703
0,0,155,27.0519,2026/07/24 07:27:08+00,,,,,,,,,,,,,,,,,,,,,,9.74200057983398
0,0,156,27.1637,2026/07/24 07:27:09+00,,,,,,,,,,,,,,,,,,,,,,9.8730001449585
0,0,157,27.2753,2026/07/24 07:27:10+00,,,,,,,,,,,,,,,,,,,,,,9.89100074768066
0,0,158,27.4066,2026/07/24 07:27:11+00,,,,,,,,,,,,,,,,,,,,,,9.84800052642822
0,0,159,27.5868,2026/07/24 07:27:12+00,,,,,,,,,,,,,,,,,,,,,,9.85200023651123
0,0,160,27.6156,2026/07/24 07:27:13+00,,,,,,,,,,,,,,,,,,,,,,9.84700012207031
0,0,161,27.6453,2026/07/24 07:27:14+00,,,,,,,,,,,,,,,,,,,,,,9.9350004196167
0,0,162,27.6242,2026/07/24 07:27:15+00,,,,,,,,,,,,,,,,,,,,,,10.0550003051758
0,0,163,27.6412,2026/07/24 07:27:16+00,,,,,,,,,,,,,,,,,,,,,,10.2640008926392
0,0,164,27.6406,2026/07/24 07:27:17+00,,,,,,,,,,,,,,,,,,,,,,10.4790000915527
0,0,165,27.809,2026/07/24 07:27:18+00,,,,,,,,,,,,,,,,,,,,,,10.6450004577637
0,0,166,27.9116,2026/07/24 07:27:19+00,,,,,,,,,,,,,,,,,,,,,,11.1270008087158
0,0,167,27.7707,2026/07/24 07:27:20+00,,,,,,,,,,,,,,,,,,,,,,11.1270008087158
0,0,168,27.5863,2026/07/24 07:27:21+00,,,,,,,,,,,,,,,,,,,,,,11.1000003814697
0,0,169,27.5861,2026/07/24 07:27:22+00,,,,,,,,,,,,,,,,,,,,,,11.1870002746582
0,0,170,27.544,2026/07/24 07:27:23+00,,,,,,,,,,,,,,,,,,,,,,11.6090002059937
0,0,171,27.7564,2026/07/24 07:27:24+00,,,,,,,,,,,,,,,,,,,,,,11.7410001754761
0,0,172,28.0181,2026/07/24 07:27:25+00,,,,,,,,,,,,,,,,,,,,,,12.1370010375977
0,0,173,28.5027,2026/07/24 07:27:26+00,,,,,,,,,,,,,,,,,,,,,,12.7670001983643
0,0,174,28.9272,2026/07/24 07:27:27+00,,,,,,,,,,,,,,,,,,,,,,13.0220003128052
0,0,175,29.3751,2026/07/24 07:27:28+00,,,,,,,,,,,,,,,,,,,,,,13.5380010604858
0,0,176,29.9453,2026/07/24 07:27:29+00,,,,,,,,,,,,,,,,,,,,,,13.7450008392334
0,0,177,30.6398,2026/07/24 07:27:30+00,,,,,,,,,,,,,,,,,,,,,,13.8740005493164
0,0,178,31.3604,2026/07/24 07:27:31+00,,,,,,,,,,,,,,,,,,,,,,15.1300010681152
0,0,179,31.9871,2026/07/24 07:27:32+00,,,,,,,,,,,,,,,,,,,,,,15.6960010528564
0,0,180,32.5892,2026/07/24 07:27:33+00,,,,,,,,,,,,,,,,,,,,,,15.6550006866455
0,0,181,32.9806,2026/07/24 07:27:34+00,,,,,,,,,,,,,,,,,,,,,,15.3580007553101
0,0,182,33.2841,2026/07/24 07:27:35+00,,,,,,,,,,,,,,,,,,,,,,15.5800008773804
0,0,183,33.6058,2026/07/24 07:27:36+00,,,,,,,,,,,,,,,,,,,,,,15.8970003128052
0,0,184,33.8377,2026/07/24 07:27:37+00,,,,,,,,,,,,,,,,,,,,,,16.1640014648438
0,0,185,34.0857,2026/07/24 07:27:38+00,,,,,,,,,,,,,,,,,,,,,,16.3010005950928
0,0,186,34.2313,2026/07/24 07:27:39+00,,,,,,,,,,,,,,,,,,,,,,16.5
0,0,187,34.3109,2026/07/24 07:27:40+00,,,,,,,,,,,,,,,,,,,,,,16.6040000915527
0,0,188,34.2678,2026/07/24 07:27:41+00,,,,,,,,,,,,,,,,,,,,,,16.7740001678467
0,0,189,34.3216,2026/07/24 07:27:42+00,,,,,,,,,,,,,,,,,,,,,,16.9060001373291
0,0,190,34.2325,2026/07/24 07:27:43+00,,,,,,,,,,,,,,,,,,,,,,17.0530014038086
0,0,191,34.2514,2026/07/24 07:27:44+00,,,,,,,,,,,,,,,,,,,,,,17.1610012054443
0,0,192,34.1251,2026/07/24 07:27:45+00,,,,,,,,,,,,,,,,,,,,,,17.230001449585
0,0,193,33.9394,2026/07/24 07:27:47+00,,,,,,,,,,,,,,,,,,,,,,17.2569999694824
0,0,194,33.7614,2026/07/24 07:27:52+00,,,,,,,,,,,,,,,,,,,,,,17.3000011444092
0,0,195,33.6163,2026/07/24 07:27:54+00,,,,,,,,,,,,,,,,,,,,,,17.314001083374
0,0,196,33.6967,2026/07/24 07:28:02+00,,,,,,,,,,,,,,,,,,,,,,17.3350009918213
0,0,197,33.8824,2026/07/24 07:28:03+00,,,,,,,,,,,,,,,,,,,,,,17.355001449585
0,0,198,34.1633,2026/07/24 07:28:04+00,,,,,,,,,,,,,,,,,,,,,,17.3730010986328
0,0,199,34.5,2026/07/24 07:28:05+00,,,,,,,,,,,,,,,,,,,,,,17.4160003662109
0,0,200,34.7684,2026/07/24 07:28:06+00,,,,,,,,,,,,,,,,,,,,,,17.4540004730225
0,0,201,34.9275,2026/07/24 07:28:07+00,,,,,,,,,,,,,,,,,,,,,,17.4700012207031
0,0,202,35.0675,2026/07/24 07:28:08+00,,,,,,,,,,,,,,,,,,,,,,17.5390014648438
0,0,203,35.1978,2026/07/24 07:28:09+00,,,,,,,,,,,,,,,,,,,,,,17.6080017089844
0,0,204,35.2824,2026/07/24 07:28:10+00,,,,,,,,,,,,,,,,,,,,,,17.6790008544922
0,0,205,35.3296,2026/07/24 07:28:11+00,,,,,,,,,,,,,,,,,,,,,,17.7670001983643
0,0,206,35.3654,2026/07/24 07:28:12+00,,,,,,,,,,,,,,,,,,,,,,17.7510013580322
0,0,207,35.4786,2026/07/24 07:28:13+00,,,,,,,,,,,,,,,,,,,,,,17.605001449585
0,0,208,35.4109,2026/07/24 07:28:14+00,,,,,,,,,,,,,,,,,,,,,,17.4250011444092
0,0,209,35.3239,2026/07/24 07:28:15+00,,,,,,,,,,,,,,,,,,,,,,17.3040008544922
0,0,210,35.2335,2026/07/24 07:28:16+00,,,,,,,,,,,,,,,,,,,,,,17.2660007476807
0,0,211,35.1266,2026/07/24 07:28:17+00,,,,,,,,,,,,,,,,,,,,,,17.201000213623
0,0,212,34.9837,2026/07/24 07:28:18+00,,,,,,,,,,,,,,,,,,,,,,17.1200008392334
0,0,213,34.8391,2026/07/24 07:28:19+00,,,,,,,,,,,,,,,,,,,,,,17.0380001068115
0,0,214,34.6786,2026/07/24 07:28:20+00,,,,,,,,,,,,,,,,,,,,,,16.8920001983643
0,0,215,34.5712,2026/07/24 07:28:21+00,,,,,,,,,,,,,,,,,,,,,,16.7720012664795
0,0,216,34.5019,2026/07/24 07:28:22+00,,,,,,,,,,,,,,,,,,,,,,16.6410007476807
0,0,217,34.4166,2026/07/24 07:28:23+00,,,,,,,,,,,,,,,,,,,,,,16.4689998626709
0,0,218,34.2985,2026/07/24 07:28:24+00,,,,,,,,,,,,,,,,,,,,,,16.431001663208
0,0,219,34.1853,2026/07/24 07:28:25+00,,,,,,,,,,,,,,,,,,,,,,16.3110008239746
0,0,220,34.0834,2026/07/24 07:28:26+00,,,,,,,,,,,,,,,,,,,,,,16.1520004272461
0,0,221,33.9063,2026/07/24 07:28:27+00,,,,,,,,,,,,,,,,,,,,,,15.984001159668
0,0,222,33.7325,2026/07/24 07:28:28+00,,,,,,,,,,,,,,,,,,,,,,15.7610006332397
0,0,223,33.5328,2026/07/24 07:28:29+00,,,,,,,,,,,,,,,,,,,,,,15.5950002670288
0,0,224,33.2913,2026/07/24 07:28:30+00,,,,,,,,,,,,,,,,,,,,,,15.3680009841919
0,0,225,33.1107,2026/07/24 07:28:31+00,,,,,,,,,,,,,,,,,,,,,,15.1070003509521
0,0,226,32.9002,2026/07/24 07:28:32+00,,,,,,,,,,,,,,,,,,,,,,14.7570009231567
0,0,227,32.7059,2026/07/24 07:28:33+00,,,,,,,,,,,,,,,,,,,,,,14.3060007095337
0,0,228,32.4989,2026/07/24 07:28:34+00,,,,,,,,,,,,,,,,,,,,,,14.0500001907349
0,0,229,32.2912,2026/07/24 07:28:35+00,,,,,,,,,,,,,,,,,,,,,,13.8190002441406
0,0,230,32.1439,2026/07/24 07:28:36+00,,,,,,,,,,,,,,,,,,,,,,13.7680006027222
0,0,231,32.0611,2026/07/24 07:28:37+00,,,,,,,,,,,,,,,,,,,,,,13.9580011367798
0,0,232,32.0006,2026/07/24 07:28:38+00,,,,,,,,,,,,,,,,,,,,,,14.4730005264282
0,0,233,31.9843,2026/07/24 07:28:39+00,,,,,,,,,,,,,,,,,,,,,,14.6850004196167
0,0,234,32.0158,2026/07/24 07:28:40+00,,,,,,,,,,,,,,,,,,,,,,15.2330007553101
0,0,235,31.8622,2026/07/24 07:28:41+00,,,,,,,,,,,,,,,,,,,,,,15.5850009918213
0,0,236,31.7601,2026/07/24 07:28:42+00,,,,,,,,,,,,,,,,,,,,,,15.0020008087158
0,0,237,31.7954,2026/07/24 07:28:43+00,,,,,,,,,,,,,,,,,,,,,,15.2140007019043
0,0,238,31.8296,2026/07/24 07:28:44+00,,,,,,,,,,,,,,,,,,,,,,15.5750007629395
0,0,239,31.9008,2026/07/24 07:28:45+00,,,,,,,,,,,,,,,,,,,,,,15.8740005493164
0,0,240,32.1013,2026/07/24 07:28:46+00,,,,,,,,,,,,,,,,,,,,,,15.9290008544922
0,0,241,32.2297,2026/07/24 07:28:47+00,,,,,,,,,,,,,,,,,,,,,,15.9910011291504
0,0,242,32.2033,2026/07/24 07:28:48+00,,,,,,,,,,,,,,,,,,,,,,16.0799999237061
0,0,243,32.1585,2026/07/24 07:28:49+00,,,,,,,,,,,,,,,,,,,,,,15.9770011901855
0,0,244,32.2031,2026/07/24 07:28:50+00,,,,,,,,,,,,,,,,,,,,,,15.8800010681152
0,0,245,32.1345,2026/07/24 07:28:51+00,,,,,,,,,,,,,,,,,,,,,,15.8150005340576
0,0,246,32.1472,2026/07/24 07:28:52+00,,,,,,,,,,,,,,,,,,,,,,15.5950002670288
0,0,247,32.1115,2026/07/24 07:28:53+00,,,,,,,,,,,,,,,,,,,,,,15.3770008087158
0,0,248,32.067,2026/07/24 07:28:54+00,,,,,,,,,,,,,,,,,,,,,,15.1820011138916
0,0,249,31.8134,2026/07/24 07:28:55+00,,,,,,,,,,,,,,,,,,,,,,15.0160007476807
0,0,250,31.5797,2026/07/24 07:28:56+00,,,,,,,,,,,,,,,,,,,,,,14.8920011520386
0,0,251,31.3804,2026/07/24 07:28:57+00,,,,,,,,,,,,,,,,,,,,,,14.8250007629395
0,0,252,31.5047,2026/07/24 07:28:58+00,,,,,,,,,,,,,,,,,,,,,,14.7650003433228
0,0,253,31.6202,2026/07/24 07:28:59+00,,,,,,,,,,,,,,,,,,,,,,14.814001083374
0,0,254,31.7657,2026/07/24 07:29:00+00,,,,,,,,,,,,,,,,,,,,,,14.7960004806519
0,0,255,32.0961,2026/07/24 07:29:01+00,,,,,,,,,,,,,,,,,,,,,,14.9600009918213
0,0,256,32.2643,2026/07/24 07:29:02+00,,,,,,,,,,,,,,,,,,,,,,15.1940011978149
0,0,257,32.4379,2026/07/24 07:29:03+00,,,,,,,,,,,,,,,,,,,,,,15.5610008239746
0,0,258,32.9768,2026/07/24 07:29:04+00,,,,,,,,,,,,,,,,,,,,,,16.0440006256104
0,0,259,33.5651,2026/07/24 07:29:05+00,,,,,,,,,,,,,,,,,,,,,,16.6310005187988
0,0,260,34.3599,2026/07/24 07:29:06+00,,,,,,,,,,,,,,,,,,,,,,17.4530010223389
0,0,261,35.2864,2026/07/24 07:29:07+00,,,,,,,,,,,,,,,,,,,,,,18.2650012969971
0,0,262,36.4,2026/07/24 07:29:08+00,,,,,,,,,,,,,,,,,,,,,,19.1940002441406
0,0,263,37.6011,2026/07/24 07:29:09+00,,,,,,,,,,,,,,,,,,,,,,20.1740016937256
0,0,264,38.4529,2026/07/24 07:29:10+00,,,,,,,,,,,,,,,,,,,,,,20.7820014953613
0,0,265,39.1564,2026/07/24 07:29:11+00,,,,,,,,,,,,,,,,,,,,,,20.9220008850098
0,0,266,39.7386,2026/07/24 07:29:12+00,,,,,,,,,,,,,,,,,,,,,,20.9530010223389
0,0,267,40.1572,2026/07/24 07:29:13+00,,,,,,,,,,,,,,,,,,,,,,21.0160007476807
0,0,268,40.4473,2026/07/24 07:29:14+00,,,,,,,,,,,,,,,,,,,,,,21.0490016937256
0,0,269,40.6441,2026/07/24 07:29:15+00,,,,,,,,,,,,,,,,,,,,,,21.07200050354
0,0,270,40.8333,2026/07/24 07:29:16+00,,,,,,,,,,,,,,,,,,,,,,21.0590019226074
0,0,271,40.8469,2026/07/24 07:29:19+00,,,,,,,,,,,,,,,,,,,,,,21.681001663208
0,0,272,40.5086,2026/07/24 07:30:19+00,,,,,,,,,,,,,,,,,,,,,,20.746000289917
0,0,273,39.9978,2026/07/24 07:30:21+00,,,,,,,,,,,,,,,,,,,,,,18.4030017852783
0,0,274,39.5523,2026/07/24 07:30:23+00,,,,,,,,,,,,,,,,,,,,,,17.5290012359619
0,0,275,39.1634,2026/07/24 07:30:24+00,,,,,,,,,,,,,,,,,,,,,,16.7940006256104
0,0,276,38.7603,2026/07/24 07:30:25+00,,,,,,,,,,,,,,,,,,,,,,16.6110000610352
0,0,277,38.4472,2026/07/24 07:30:26+00,,,,,,,,,,,,,,,,,,,,,,16.9590015411377
0,0,278,38.2462,2026/07/24 07:30:28+00,,,,,,,,,,,,,,,,,,,,,,16.9689998626709
0,0,279,38.1168,2026/07/24 07:30:30+00,,,,,,,,,,,,,,,,,,,,,,17.2160015106201
0,0,280,37.9715,2026/07/24 07:30:32+00,,,,,,,,,,,,,,,,,,,,,,17.6270008087158
0,0,281,37.8069,2026/07/24 07:30:44+00,,,,,,,,,,,,,,,,,,,,,,18.5310001373291
0,0,282,37.8102,2026/07/24 07:30:46+00,,,,,,,,,,,,,,,,,,,,,,19.0490016937256
0,0,283,37.8169,2026/07/24 07:30:47+00,,,,,,,,,,,,,,,,,,,,,,19.4400005340576
0,0,284,37.8181,2026/07/24 07:30:48+00,,,,,,,,,,,,,,,,,,,,,,20.1620006561279
0,0,285,37.788,2026/07/24 07:30:49+00,,,,,,,,,,,,,,,,,,,,,,21.1250019073486
0,0,286,37.7676,2026/07/24 07:30:50+00,,,,,,,,,,,,,,,,,,,,,,21.1630001068115
0,0,287,37.7576,2026/07/24 07:30:51+00,,,,,,,,,,,,,,,,,,,,,,21.5700016021729
0,0,288,37.7561,2026/07/24 07:30:52+00,,,,,,,,,,,,,,,,,,,,,,21.6280002593994
0,0,289,37.7739,2026/07/24 07:30:53+00,,,,,,,,,,,,,,,,,,,,,,21.427001953125
0,0,290,37.7697,2026/07/24 07:30:54+00,,,,,,,,,,,,,,,,,,,,,,21.0930004119873
0,0,291,37.7333,2026/07/24 07:30:55+00,,,,,,,,,,,,,,,,,,,,,,21.0800018310547
0,0,292,37.6648,2026/07/24 07:30:56+00,,,,,,,,,,,,,,,,,,,,,,21.07200050354
0,0,293,37.5945,2026/07/24 07:30:57+00,,,,,,,,,,,,,,,,,,,,,,21.1330013275146
0,0,294,37.5776,2026/07/24 07:30:58+00,,,,,,,,,,,,,,,,,,,,,,21.2610015869141
0,0,295,37.5369,2026/07/24 07:30:59+00,,,,,,,,,,,,,,,,,,,,,,21.0890007019043
0,0,296,37.4181,2026/07/24 07:31:00+00,,,,,,,,,,,,,,,,,,,,,,21.0410003662109
0,0,297,37.302,2026/07/24 07:31:01+00,,,,,,,,,,,,,,,,,,,,,,20.871000289917
0,0,298,37.2607,2026/07/24 07:31:02+00,,,,,,,,,,,,,,,,,,,,,,20.8070011138916
0,0,299,37.2562,2026/07/24 07:31:03+00,,,,,,,,,,,,,,,,,,,,,,20.7190017700195
0,0,300,37.256,2026/07/24 07:31:04+00,,,,,,,,,,,,,,,,,,,,,,20.6610012054443
0,0,301,37.2702,2026/07/24 07:31:05+00,,,,,,,,,,,,,,,,,,,,,,20.564001083374
0,0,302,37.3786,2026/07/24 07:31:06+00,,,,,,,,,,,,,,,,,,,,,,20.5210018157959
0,0,303,37.4875,2026/07/24 07:31:07+00,,,,,,,,,,,,,,,,,,,,,,20.4380016326904
0,0,304,37.5482,2026/07/24 07:31:08+00,,,,,,,,,,,,,,,,,,,,,,20.3680000305176
0,0,305,37.5818,2026/07/24 07:31:09+00,,,,,,,,,,,,,,,,,,,,,,20.2750015258789
0,0,306,37.6484,2026/07/24 07:31:10+00,,,,,,,,,,,,,,,,,,,,,,20.19700050354
0,0,307,37.6112,2026/07/24 07:31:11+00,,,,,,,,,,,,,,,,,,,,,,20.07200050354
0,0,308,37.4832,2026/07/24 07:31:12+00,,,,,,,,,,,,,,,,,,,,,,19.8070011138916
0,0,309,37.2933,2026/07/24 07:31:13+00,,,,,,,,,,,,,,,,,,,,,,18.9360008239746
0,0,310,36.9352,2026/07/24 07:31:14+00,,,,,,,,,,,,,,,,,,,,,,18.1150016784668
0,0,311,36.4302,2026/07/24 07:31:15+00,,,,,,,,,,,,,,,,,,,,,,17.1860008239746
0,0,312,35.81,2026/07/24 07:31:16+00,,,,,,,,,,,,,,,,,,,,,,16.3920001983643
0,0,313,35.0891,2026/07/24 07:31:17+00,,,,,,,,,,,,,,,,,,,,,,15.5230007171631
0,0,314,34.3002,2026/07/24 07:31:18+00,,,,,,,,,,,,,,,,,,,,,,14.6980009078979
0,0,315,33.4943,2026/07/24 07:31:19+00,,,,,,,,,,,,,,,,,,,,,,14.028000831604
0,0,316,32.6821,2026/07/24 07:31:20+00,,,,,,,,,,,,,,,,,,,,,,13.7340002059937
0,0,317,32.0333,2026/07/24 07:31:21+00,,,,,,,,,,,,,,,,,,,,,,13.6300010681152
0,0,318,31.6006,2026/07/24 07:31:22+00,,,,,,,,,,,,,,,,,,,,,,13.6400003433228
0,0,319,31.2436,2026/07/24 07:31:23+00,,,,,,,,,,,,,,,,,,,,,,13.8330001831055
0,0,320,31.0536,2026/07/24 07:31:24+00,,,,,,,,,,,,,,,,,,,,,,15.1010007858276
0,0,321,30.8891,2026/07/24 07:31:25+00,,,,,,,,,,,,,,,,,,,,,,14.3510007858276
0,0,322,30.7442,2026/07/24 07:31:26+00,,,,,,,,,,,,,,,,,,,,,,14.1700010299683
0,0,323,30.5736,2026/07/24 07:31:27+00,,,,,,,,,,,,,,,,,,,,,,13.9860010147095
0,0,324,30.4358,2026/07/24 07:31:28+00,,,,,,,,,,,,,,,,,,,,,,13.8120002746582
0,0,325,30.1945,2026/07/24 07:31:29+00,,,,,,,,,,,,,,,,,,,,,,13.6200008392334
0,0,326,29.9237,2026/07/24 07:31:30+00,,,,,,,,,,,,,,,,,,,,,,13.5050010681152
0,0,327,29.7348,2026/07/24 07:31:31+00,,,,,,,,,,,,,,,,,,,,,,13.2620010375977
0,0,328,29.4888,2026/07/24 07:31:32+00,,,,,,,,,,,,,,,,,,,,,,12.8540010452271
0,0,329,29.2877,2026/07/24 07:31:33+00,,,,,,,,,,,,,,,,,,,,,,12.4640007019043
0,0,330,29.0921,2026/07/24 07:31:34+00,,,,,,,,,,,,,,,,,,,,,,12.201000213623
0,0,331,28.7908,2026/07/24 07:31:35+00,,,,,,,,,,,,,,,,,,,,,,12.113000869751
0,0,332,28.4266,2026/07/24 07:31:36+00,,,,,,,,,,,,,,,,,,,,,,11.5060005187988
0,0,333,27.955,2026/07/24 07:31:37+00,,,,,,,,,,,,,,,,,,,,,,11.1440000534058
0,0,334,27.3457,2026/07/24 07:31:38+00,,,,,,,,,,,,,,,,,,,,,,10.585000038147
0,0,335,26.6663,2026/07/24 07:31:39+00,,,,,,,,,,,,,,,,,,,,,,9.63900089263916
0,0,336,25.909,2026/07/24 07:31:40+00,,,,,,,,,,,,,,,,,,,,,,8.89600086212158
0,0,337,25.0733,2026/07/24 07:31:41+00,,,,,,,,,,,,,,,,,,,,,,8.05600070953369
0,0,338,24.3357,2026/07/24 07:31:42+00,,,,,,,,,,,,,,,,,,,,,,6.99600028991699
0,0,339,23.7182,2026/07/24 07:31:43+00,,,,,,,,,,,,,,,,,,,,,,6.51300048828125
0,0,340,23.1716,2026/07/24 07:31:44+00,,,,,,,,,,,,,,,,,,,,,,6.12400007247925
0,0,341,22.7443,2026/07/24 07:31:45+00,,,,,,,,,,,,,,,,,,,,,,5.9060001373291
0,0,342,22.3612,2026/07/24 07:31:46+00,,,,,,,,,,,,,,,,,,,,,,5.71400022506714
0,0,343,22.0105,2026/07/24 07:31:47+00,,,,,,,,,,,,,,,,,,,,,,5.51900005340576
0,0,344,21.6961,2026/07/24 07:31:48+00,,,,,,,,,,,,,,,,,,,,,,5.36700010299683
0,0,345,21.4426,2026/07/24 07:31:49+00,,,,,,,,,,,,,,,,,,,,,,5.24500036239624
0,0,346,21.2057,2026/07/24 07:31:50+00,,,,,,,,,,,,,,,,,,,,,,5.00800037384033
0,0,347,20.948,2026/07/24 07:31:51+00,,,,,,,,,,,,,,,,,,,,,,4.875
0,0,348,20.8257,2026/07/24 07:31:52+00,,,,,,,,,,,,,,,,,,,,,,4.88700008392334
0,0,349,20.7767,2026/07/24 07:31:53+00,,,,,,,,,,,,,,,,,,,,,,4.82000017166138
0,0,350,20.7873,2026/07/24 07:31:54+00,,,,,,,,,,,,,,,,,,,,,,4.87400007247925
0,0,351,20.8375,2026/07/24 07:31:55+00,,,,,,,,,,,,,,,,,,,,,,4.90000009536743
0,0,352,20.9673,2026/07/24 07:31:56+00,,,,,,,,,,,,,,,,,,,,,,5.02000045776367
0,0,353,21.1258,2026/07/24 07:31:57+00,,,,,,,,,,,,,,,,,,,,,,5.18200016021729
0,0,354,21.3487,2026/07/24 07:31:58+00,,,,,,,,,,,,,,,,,,,,,,5.40800046920776
0,0,355,21.5761,2026/07/24 07:31:59+00,,,,,,,,,,,,,,,,,,,,,,5.72700023651123
0,0,356,21.9084,2026/07/24 07:32:00+00,,,,,,,,,,,,,,,,,,,,,,6.23800039291382
0,0,357,22.3555,2026/07/24 07:32:01+00,,,,,,,,,,,,,,,,,,,,,,6.88400030136108
0,0,358,22.8661,2026/07/24 07:32:02+00,,,,,,,,,,,,,,,,,,,,,,7.55700016021729
0,0,359,23.4937,2026/07/24 07:32:03+00,,,,,,,,,,,,,,,,,,,,,,8.06400012969971
0,0,360,24.0074,2026/07/24 07:32:04+00,,,,,,,,,,,,,,,,,,,,,,8.57500076293945
0,0,361,24.5677,2026/07/24 07:32:05+00,,,,,,,,,,,,,,,,,,,,,,9.11100006103516
0,0,362,25.0875,2026/07/24 07:32:06+00,,,,,,,,,,,,,,,,,,,,,,9.57800006866455
0,0,363,25.5331,2026/07/24 07:32:07+00,,,,,,,,,,,,,,,,,,,,,,10.1160001754761
0,0,364,25.9091,2026/07/24 07:32:08+00,,,,,,,,,,,,,,,,,,,,,,10.6040000915527
0,0,365,26.1641,2026/07/24 07:32:09+00,,,,,,,,,,,,,,,,,,,,,,11.0400009155273
0,0,366,27.0371,2026/07/24 07:32:10+00,,,,,,,,,,,,,,,,,,,,,,11.5230007171631
0,0,367,27.8104,2026/07/24 07:32:11+00,,,,,,,,,,,,,,,,,,,,,,11.9840002059937
0,0,368,28.4826,2026/07/24 07:32:12+00,,,,,,,,,,,,,,,,,,,,,,12.4460010528564
0,0,369,29.3195,2026/07/24 07:32:13+00,,,,,,,,,,,,,,,,,,,,,,12.9460010528564
0,0,370,30.0191,2026/07/24 07:32:14+00,,,,,,,,,,,,,,,,,,,,,,13.4950008392334
0,0,371,30.7074,2026/07/24 07:32:15+00,,,,,,,,,,,,,,,,,,,,,,14.0480003356934
0,0,372,31.5074,2026/07/24 07:32:16+00,,,,,,,,,,,,,,,,,,,,,,14.5790004730225
0,0,373,32.1967,2026/07/24 07:32:17+00,,,,,,,,,,,,,,,,,,,,,,15.07200050354
0,0,374,32.9403,2026/07/24 07:32:18+00,,,,,,,,,,,,,,,,,,,,,,15.4780006408691
0,0,375,34.1352,2026/07/24 07:32:19+00,,,,,,,,,,,,,,,,,,,,,,15.8190011978149
0,0,376,35.1499,2026/07/24 07:32:20+00,,,,,,,,,,,,,,,,,,,,,,16.121000289917
0,0,377,35.9542,2026/07/24 07:32:21+00,,,,,,,,,,,,,,,,,,,,,,16.4440002441406
0,0,378,36.6603,2026/07/24 07:32:22+00,,,,,,,,,,,,,,,,,,,,,,16.8369998931885
0,0,379,37.4065,2026/07/24 07:32:23+00,,,,,,,,,,,,,,,,,,,,,,17.0400009155273
0,0,380,38.1424,2026/07/24 07:32:24+00,,,,,,,,,,,,,,,,,,,,,,17.6319999694824
0,0,381,38.6253,2026/07/24 07:32:25+00,,,,,,,,,,,,,,,,,,,,,,17.2700004577637
0,0,382,38.9343,2026/07/24 07:32:26+00,,,,,,,,,,,,,,,,,,,,,,17.7270011901855
0,0,383,39.1164,2026/07/24 07:32:27+00,,,,,,,,,,,,,,,,,,,,,,17.8580017089844
0,0,384,39.2503,2026/07/24 07:32:28+00,,,,,,,,,,,,,,,,,,,,,,17.4930000305176
0,0,385,39.3647,2026/07/24 07:32:29+00,,,,,,,,,,,,,,,,,,,,,,17.7230014801025
0,0,386,39.3197,2026/07/24 07:32:30+00,,,,,,,,,,,,,,,,,,,,,,18.2230014801025
0,0,387,39.2157,2026/07/24 07:32:31+00,,,,,,,,,,,,,,,,,,,,,,18.2360000610352
0,0,388,39.0854,2026/07/24 07:32:32+00,,,,,,,,,,,,,,,,,,,,,,18.0799999237061
0,0,389,38.9498,2026/07/24 07:32:33+00,,,,,,,,,,,,,,,,,,,,,,18.1500015258789
0,0,390,38.811,2026/07/24 07:32:34+00,,,,,,,,,,,,,,,,,,,,,,18.0410003662109
0,0,391,38.6385,2026/07/24 07:32:35+00,,,,,,,,,,,,,,,,,,,,,,18.1670017242432
0,0,392,38.3467,2026/07/24 07:32:36+00,,,,,,,,,,,,,,,,,,,,,,18.4770011901855
0,0,393,38.175,2026/07/24 07:32:37+00,,,,,,,,,,,,,,,,,,,,,,18.6290016174316
0,0,394,37.9841,2026/07/24 07:32:38+00,,,,,,,,,,,,,,,,,,,,,,18.5020008087158
0,0,395,37.7804,2026/07/24 07:32:39+00,,,,,,,,,,,,,,,,,,,,,,18.2560005187988
0,0,396,37.6315,2026/07/24 07:32:40+00,,,,,,,,,,,,,,,,,,,,,,18.4130001068115
0,0,397,37.3549,2026/07/24 07:32:41+00,,,,,,,,,,,,,,,,,,,,,,18.4830017089844
0,0,398,37.1372,2026/07/24 07:32:42+00,,,,,,,,,,,,,,,,,,,,,,18.6610012054443
0,0,399,37.0198,2026/07/24 07:32:43+00,,,,,,,,,,,,,,,,,,,,,,18.4340000152588
0,0,400,36.8246,2026/07/24 07:32:44+00,,,,,,,,,,,,,,,,,,,,,,18.8880004882812
0,0,401,36.6198,2026/07/24 07:32:45+00,,,,,,,,,,,,,,,,,,,,,,18.5500011444092
0,0,402,36.4988,2026/07/24 07:32:46+00,,,,,,,,,,,,,,,,,,,,,,18.6160011291504
0,0,403,36.4053,2026/07/24 07:32:47+00,,,,,,,,,,,,,,,,,,,,,,18.5620002746582
0,0,404,36.2811,2026/07/24 07:32:48+00,,,,,,,,,,,,,,,,,,,,,,18.3850002288818
0,0,405,36.0801,2026/07/24 07:32:49+00,,,,,,,,,,,,,,,,,,,,,,18.431001663208
0,0,406,35.9569,2026/07/24 07:32:50+00,,,,,,,,,,,,,,,,,,,,,,18.689001083374
0,0,407,35.8556,2026/07/24 07:32:51+00,,,,,,,,,,,,,,,,,,,,,,18.2850017547607
0,0,408,35.7851,2026/07/24 07:32:52+00,,,,,,,,,,,,,,,,,,,,,,18.4500007629395
0,0,409,35.7586,2026/07/24 07:32:53+00,,,,,,,,,,,,,,,,,,,,,,18.5450000762939
0,0,410,35.784,2026/07/24 07:32:54+00,,,,,,,,,,,,,,,,,,,,,,18.7569999694824
0,0,411,35.7825,2026/07/24 07:32:55+00,,,,,,,,,,,,,,,,,,,,,,19.1960010528564
0,0,412,35.7312,2026/07/24 07:32:56+00,,,,,,,,,,,,,,,,,,,,,,18.6230010986328
0,0,413,35.6682,2026/07/24 07:32:57+00,,,,,,,,,,,,,,,,,,,,,,18.6600017547607
0,0,414,35.5593,2026/07/24 07:32:58+00,,,,,,,,,,,,,,,,,,,,,,18.5069999694824
0,0,415,35.4598,2026/07/24 07:32:59+00,,,,,,,,,,,,,,,,,,,,,,18.6700000762939
0,0,416,35.3469,2026/07/24 07:33:00+00,,,,,,,,,,,,,,,,,,,,,,18.3950004577637
0,0,417,35.3453,2026/07/24 07:33:01+00,,,,,,,,,,,,,,,,,,,,,,18.2550010681152
0,0,418,35.4342,2026/07/24 07:33:02+00,,,,,,,,,,,,,,,,,,,,,,18.1350002288818
0,0,419,35.4702,2026/07/24 07:33:03+00,,,,,,,,,,,,,,,,,,,,,,17.9710006713867
0,0,420,35.4757,2026/07/24 07:33:04+00,,,,,,,,,,,,,,,,,,,,,,17.8900012969971
0,0,421,35.4609,2026/07/24 07:33:05+00,,,,,,,,,,,,,,,,,,,,,,17.7740001678467
0,0,422,35.3694,2026/07/24 07:33:06+00,,,,,,,,,,,,,,,,,,,,,,17.6560001373291
0,0,423,35.271,2026/07/24 07:33:07+00,,,,,,,,,,,,,,,,,,,,,,17.5310001373291
0,0,424,35.4278,2026/07/24 07:33:08+00,,,,,,,,,,,,,,,,,,,,,,17.4409999847412
0,0,425,35.5799,2026/07/24 07:33:09+00,,,,,,,,,,,,,,,,,,,,,,17.351001739502
0,0,426,35.7704,2026/07/24 07:33:10+00,,,,,,,,,,,,,,,,,,,,,,17.2860012054443
0,0,427,36.0133,2026/07/24 07:33:11+00,,,,,,,,,,,,,,,,,,,,,,17.1870002746582
0,0,428,36.1611,2026/07/24 07:33:12+00,,,,,,,,,,,,,,,,,,,,,,17.0799999237061
0,0,429,36.2591,2026/07/24 07:33:13+00,,,,,,,,,,,,,,,,,,,,,,16.9700012207031
0,0,430,36.2363,2026/07/24 07:33:14+00,,,,,,,,,,,,,,,,,,,,,,16.8470001220703
0,0,431,36.1825,2026/07/24 07:33:15+00,,,,,,,,,,,,,,,,,,,,,,16.6880016326904
0,0,432,36.1279,2026/07/24 07:33:16+00,,,,,,,,,,,,,,,,,,,,,,16.6150016784668
0,0,433,36.0547,2026/07/24 07:33:17+00,,,,,,,,,,,,,,,,,,,,,,16.5360012054443
0,0,434,35.7894,2026/07/24 07:33:18+00,,,,,,,,,,,,,,,,,,,,,,16.4160003662109
0,0,435,35.4892,2026/07/24 07:33:19+00,,,,,,,,,,,,,,,,,,,,,,16.2200012207031
0,0,436,35.0589,2026/07/24 07:33:20+00,,,,,,,,,,,,,,,,,,,,,,16.0390014648438
0,0,437,34.7431,2026/07/24 07:33:21+00,,,,,,,,,,,,,,,,,,,,,,15.8730010986328
0,0,438,34.3662,2026/07/24 07:33:22+00,,,,,,,,,,,,,,,,,,,,,,15.7500009536743
0,0,439,33.9332,2026/07/24 07:33:23+00,,,,,,,,,,,,,,,,,,,,,,15.4220008850098
0,0,440,33.3966,2026/07/24 07:33:24+00,,,,,,,,,,,,,,,,,,,,,,15.1180009841919
0,0,441,32.8515,2026/07/24 07:33:25+00,,,,,,,,,,,,,,,,,,,,,,15.0870008468628
0,0,442,32.3526,2026/07/24 07:33:26+00,,,,,,,,,,,,,,,,,,,,,,14.6460008621216
0,0,443,31.8808,2026/07/24 07:33:27+00,,,,,,,,,,,,,,,,,,,,,,14.3450002670288
0,0,444,31.5243,2026/07/24 07:33:28+00,,,,,,,,,,,,,,,,,,,,,,14.1020002365112
0,0,445,31.2255,2026/07/24 07:33:29+00,,,,,,,,,,,,,,,,,,,,,,13.8750009536743
0,0,446,31.0373,2026/07/24 07:33:30+00,,,,,,,,,,,,,,,,,,,,,,13.7440004348755
0,0,447,30.9037,2026/07/24 07:33:31+00,,,,,,,,,,,,,,,,,,,,,,13.9460010528564
0,0,448,30.8247,2026/07/24 07:33:32+00,,,,,,,,,,,,,,,,,,,,,,13.7570009231567
0,0,449,30.7218,2026/07/24 07:33:33+00,,,,,,,,,,,,,,,,,,,,,,13.8590002059937
0,0,450,30.657,2026/07/24 07:33:34+00,,,,,,,,,,,,,,,,,,,,,,13.7270002365112
0,0,451,30.5629,2026/07/24 07:33:35+00,,,,,,,,,,,,,,,,,,,,,,13.6290006637573
0,0,452,30.4655,2026/07/24 07:33:36+00,,,,,,,,,,,,,,,,,,,,,,13.6200008392334
0,0,453,30.3886,2026/07/24 07:33:37+00,,,,,,,,,,,,,,,,,,,,,,13.6010007858276
0,0,454,30.2595,2026/07/24 07:33:38+00,,,,,,,,,,,,,,,,,,,,,,13.5630006790161
0,0,455,30.1345,2026/07/24 07:33:39+00,,,,,,,,,,,,,,,,,,,,,,13.5670003890991
0,0,456,29.9875,2026/07/24 07:33:40+00,,,,,,,,,,,,,,,,,,,,,,13.5220003128052
0,0,457,29.8812,2026/07/24 07:33:41+00,,,,,,,,,,,,,,,,,,,,,,13.4820003509521
0,0,458,29.7654,2026/07/24 07:33:42+00,,,,,,,,,,,,,,,,,,,,,,13.4440002441406
0,0,459,29.7211,2026/07/24 07:33:43+00,,,,,,,,,,,,,,,,,,,,,,13.4540004730225
0,0,460,29.696,2026/07/24 07:33:44+00,,,,,,,,,,,,,,,,,,,,,,13.4540004730225
0,0,461,29.6856,2026/07/24 07:33:45+00,,,,,,,,,,,,,,,,,,,,,,13.4420003890991
0,0,462,29.6998,2026/07/24 07:33:46+00,,,,,,,,,,,,,,,,,,,,,,13.4370002746582
0,0,463,29.7248,2026/07/24 07:33:47+00,,,,,,,,,,,,,,,,,,,,,,13.451000213623
0,0,464,29.7684,2026/07/24 07:33:48+00,,,,,,,,,,,,,,,,,,,,,,13.4890003204346
0,0,465,29.8719,2026/07/24 07:33:49+00,,,,,,,,,,,,,,,,,,,,,,13.5070009231567
0,0,466,30.0504,2026/07/24 07:33:50+00,,,,,,,,,,,,,,,,,,,,,,13.4910001754761
0,0,467,30.2847,2026/07/24 07:33:51+00,,,,,,,,,,,,,,,,,,,,,,13.528000831604
0,0,468,30.4838,2026/07/24 07:33:52+00,,,,,,,,,,,,,,,,,,,,,,13.5370006561279
0,0,469,30.7288,2026/07/24 07:33:53+00,,,,,,,,,,,,,,,,,,,,,,13.5930004119873
0,0,470,31.0746,2026/07/24 07:33:54+00,,,,,,,,,,,,,,,,,,,,,,14.4760007858276
0,0,471,31.7231,2026/07/24 07:33:55+00,,,,,,,,,,,,,,,,,,,,,,14.5070009231567
0,0,472,32.21,2026/07/24 07:33:56+00,,,,,,,,,,,,,,,,,,,,,,13.8420009613037
0,0,473,32.6734,2026/07/24 07:33:57+00,,,,,,,,,,,,,,,,,,,,,,14.153000831604
0,0,474,33.2091,2026/07/24 07:33:58+00,,,,,,,,,,,,,,,,,,,,,,14.5180006027222
0,0,475,33.7706,2026/07/24 07:33:59+00,,,,,,,,,,,,,,,,,,,,,,15.1390008926392
0,0,476,34.2402,2026/07/24 07:34:00+00,,,,,,,,,,,,,,,,,,,,,,15.7620010375977
0,0,477,34.434,2026/07/24 07:34:01+00,,,,,,,,,,,,,,,,,,,,,,15.9100008010864
0,0,478,34.7086,2026/07/24 07:34:02+00,,,,,,,,,,,,,,,,,,,,,,15.452000617981
0,0,479,34.9591,2026/07/24 07:34:03+00,,,,,,,,,,,,,,,,,,,,,,15.6330003738403
0,0,480,35.1393,2026/07/24 07:34:04+00,,,,,,,,,,,,,,,,,,,,,,15.9210004806519
0,0,481,35.1408,2026/07/24 07:34:05+00,,,,,,,,,,,,,,,,,,,,,,16.2440013885498
0,0,482,35.0313,2026/07/24 07:34:06+00,,,,,,,,,,,,,,,,,,,,,,16.3940010070801
0,0,483,34.7998,2026/07/24 07:34:07+00,,,,,,,,,,,,,,,,,,,,,,16.5820007324219
0,0,484,34.6373,2026/07/24 07:34:08+00,,,,,,,,,,,,,,,,,,,,,,16.4619998931885
0,0,485,34.3656,2026/07/24 07:34:09+00,,,,,,,,,,,,,,,,,,,,,,16.9570007324219
0,0,486,34.135,2026/07/24 07:34:10+00,,,,,,,,,,,,,,,,,,,,,,16.0980014801025
0,0,487,33.7804,2026/07/24 07:34:11+00,,,,,,,,,,,,,,,,,,,,,,16.230001449585
0,0,488,33.5217,2026/07/24 07:34:12+00,,,,,,,,,,,,,,,,,,,,,,15.7070007324219
0,0,489,33.1942,2026/07/24 07:34:13+00,,,,,,,,,,,,,,,,,,,,,,14.6190004348755
0,0,490,32.7135,2026/07/24 07:34:14+00,,,,,,,,,,,,,,,,,,,,,,13.5230007171631
0,0,491,32.1227,2026/07/24 07:34:15+00,,,,,,,,,,,,,,,,,,,,,,12.8570003509521
0,0,492,31.7109,2026/07/24 07:34:16+00,,,,,,,,,,,,,,,,,,,,,,12.1550006866455
0,0,493,31.301,2026/07/24 07:34:17+00,,,,,,,,,,,,,,,,,,,,,,11.4180002212524
0,0,494,31.008,2026/07/24 07:34:18+00,,,,,,,,,,,,,,,,,,,,,,10.6580009460449
0,0,495,30.673,2026/07/24 07:34:19+00,,,,,,,,,,,,,,,,,,,,,,9.90700054168701
0,0,496,30.4046,2026/07/24 07:34:20+00,,,,,,,,,,,,,,,,,,,,,,9.14500045776367
0,0,497,30.1322,2026/07/24 07:34:21+00,,,,,,,,,,,,,,,,,,,,,,8.43400001525879
0,0,498,29.7739,2026/07/24 07:34:22+00,,,,,,,,,,,,,,,,,,,,,,8.03800010681152
0,0,499,29.1225,2026/07/24 07:34:23+00,,,,,,,,,,,,,,,,,,,,,,7.91600036621094
0,0,500,28.3018,2026/07/24 07:34:24+00,,,,,,,,,,,,,,,,,,,,,,7.88100051879883
0,0,501,27.5446,2026/07/24 07:34:25+00,,,,,,,,,,,,,,,,,,,,,,7.83900022506714
0,0,502,26.7954,2026/07/24 07:34:26+00,,,,,,,,,,,,,,,,,,,,,,7.83600044250488
0,0,503,26.2355,2026/07/24 07:34:27+00,,,,,,,,,,,,,,,,,,,,,,7.87600040435791
0,0,504,25.775,2026/07/24 07:34:28+00,,,,,,,,,,,,,,,,,,,,,,7.96100044250488
0,0,505,25.559,2026/07/24 07:34:29+00,,,,,,,,,,,,,,,,,,,,,,8.09400081634521
0,0,506,25.3228,2026/07/24 07:34:30+00,,,,,,,,,,,,,,,,,,,,,,8.29100036621094
0,0,507,25.3029,2026/07/24 07:34:31+00,,,,,,,,,,,,,,,,,,,,,,8.57200050354004
0,0,508,25.4058,2026/07/24 07:34:32+00,,,,,,,,,,,,,,,,,,,,,,8.90900039672852
0,0,509,25.7274,2026/07/24 07:34:33+00,,,,,,,,,,,,,,,,,,,,,,9.41400051116943
0,0,510,26.1946,2026/07/24 07:34:34+00,,,,,,,,,,,,,,,,,,,,,,9.98700046539307
0,0,511,26.8831,2026/07/24 07:34:35+00,,,,,,,,,,,,,,,,,,,,,,10.6090002059937
0,0,512,27.5861,2026/07/24 07:34:36+00,,,,,,,,,,,,,,,,,,,,,,11.2590007781982
0,0,513,28.3246,2026/07/24 07:34:37+00,,,,,,,,,,,,,,,,,,,,,,11.827000617981
0,0,514,29.1362,2026/07/24 07:34:38+00,,,,,,,,,,,,,,,,,,,,,,12.4370002746582
0,0,515,29.951,2026/07/24 07:34:39+00,,,,,,,,,,,,,,,,,,,,,,13.0580005645752
0,0,516,30.7869,2026/07/24 07:34:40+00,,,,,,,,,,,,,,,,,,,,,,13.5290002822876
0,0,517,31.5874,2026/07/24 07:34:41+00,,,,,,,,,,,,,,,,,,,,,,14.0580005645752
0,0,518,32.4222,2026/07/24 07:34:42+00,,,,,,,,,,,,,,,,,,,,,,14.4700002670288
0,0,519,33.2196,2026/07/24 07:34:43+00,,,,,,,,,,,,,,,,,,,,,,14.9290008544922
0,0,520,33.9332,2026/07/24 07:34:44+00,,,,,,,,,,,,,,,,,,,,,,15.2520008087158
0,0,521,34.5022,2026/07/24 07:34:45+00,,,,,,,,,,,,,,,,,,,,,,15.4830007553101
0,0,522,35.04,2026/07/24 07:34:46+00,,,,,,,,,,,,,,,,,,,,,,15.6150007247925
0,0,523,35.3966,2026/07/24 07:34:47+00,,,,,,,,,,,,,,,,,,,,,,15.6710004806519
0,0,524,35.6238,2026/07/24 07:34:48+00,,,,,,,,,,,,,,,,,,,,,,15.6850004196167
0,0,525,35.747,2026/07/24 07:34:49+00,,,,,,,,,,,,,,,,,,,,,,15.6700010299683
0,0,526,35.8727,2026/07/24 07:34:50+00,,,,,,,,,,,,,,,,,,,,,,15.7100009918213
0,0,527,35.9742,2026/07/24 07:34:51+00,,,,,,,,,,,,,,,,,,,,,,15.7960004806519
0,0,528,36.0052,2026/07/24 07:34:52+00,,,,,,,,,,,,,,,,,,,,,,16.2160015106201
0,0,529,35.9871,2026/07/24 07:34:53+00,,,,,,,,,,,,,,,,,,,,,,16.4190006256104
0,0,530,35.9416,2026/07/24 07:34:54+00,,,,,,,,,,,,,,,,,,,,,,16.5939998626709
0,0,531,35.9139,2026/07/24 07:34:56+00,,,,,,,,,,,,,,,,,,,,,,16.4040012359619
